Timestamp,Tweet_ID,Tweet,Cleaned_Tweet,Tokenized_Tweet
2025-03-11 20:14:18+00:00,1899554495819907456,"RT @Python_Dv: Full Stack Developer https://t.co/xQLcLR6B4V

#python #html #css #js #javascript #api #database #sql https://t.co/EtEaFuPFKs","rt  full stack developer 

python html css js javascript api database sql",rt full stack developer python html css js javascript api database sql
2025-03-11 20:14:10+00:00,1899554463226229008,"Here's the code. It's a single Python file.

https://t.co/KKQjs1OUEz

Congratulations to the team at @cartesia_ai on the new Sonic-2 model (and on the Series A funding announcement)!

So much hard work and experience goes into training these models. I was impressed by Cartesia'sâ€¦ https://t.co/FV0YtjoAph","heres the code its a single python file



congratulations to the team at  on the new sonic model and on the series a funding announcement

so much hard work and experience goes into training these models i was impressed by cartesias",heres code single python file congratulations team new sonic model series funding announcement much hard work experience goes training models impressed cartesias
2025-03-11 20:14:10+00:00,1899554460445090083,Hello to the world of coding and my very first project! Day 1 of #Replit100DaysOfCode #100DaysOfCode. Join me on @Replit https://t.co/NvrqZzuFF1,hello to the world of coding and my very first project day  of replitdaysofcode daysofcode join me on,hello world coding first project day replitdaysofcode daysofcode join
2025-03-11 20:13:47+00:00,1899554366807273811,"ğŸ”¹Ù‚ÙˆØ§Ø¹Ø¯ Ø¨ÙŠØ§Ù†Ø§Øª 
ğŸ”¹Ø´Ø¨ÙƒØ§Øª Ø¨Ø§Ø³ØªØ®Ø¯Ø§Ù… cisco packet tracer 
ğŸ”¹Ù‡Ù†Ø¯Ø³Ø© Ø¨Ø±Ù…Ø¬ÙŠØ§Øª 
ğŸ”¹Ù„ØºØ§Øª Ø¨Ø±Ù…Ø¬Ø© java 
Python.                                
ğŸ”¹ØªØµÙ…ÙŠÙ… Ù…ÙˆØ§Ù‚Ø¹ ÙˆÙŠØ¨
#Ø¨Ø«_Ù…Ø¨Ø§Ø´Ø±_Ù…Ø¨Ø§Ø±Ø§Ø©_Ø§Ù„Ù‡Ù„Ø§Ù„
https://t.co/jjWyyFjBg7 https://t.co/p39Gz34hK4","Ù‚ÙˆØ§Ø¹Ø¯ Ø¨ÙŠØ§Ù†Ø§Øª 
Ø´Ø¨ÙƒØ§Øª Ø¨Ø§Ø³ØªØ®Ø¯Ø§Ù… cisco packet tracer 
Ù‡Ù†Ø¯Ø³Ø© Ø¨Ø±Ù…Ø¬ÙŠØ§Øª 
Ù„ØºØ§Øª Ø¨Ø±Ù…Ø¬Ø© java 
python                                
ØªØµÙ…ÙŠÙ… Ù…ÙˆØ§Ù‚Ø¹ ÙˆÙŠØ¨
Ø¨Ø«_Ù…Ø¨Ø§Ø´Ø±_Ù…Ø¨Ø§Ø±Ø§Ø©_Ø§Ù„Ù‡Ù„Ø§Ù„",Ù‚ÙˆØ§Ø¹Ø¯ Ø¨ÙŠØ§Ù†Ø§Øª Ø´Ø¨ÙƒØ§Øª Ø¨Ø§Ø³ØªØ®Ø¯Ø§Ù… cisco packet tracer Ù‡Ù†Ø¯Ø³Ø© Ø¨Ø±Ù…Ø¬ÙŠØ§Øª Ù„ØºØ§Øª Ø¨Ø±Ù…Ø¬Ø© java python ØªØµÙ…ÙŠÙ… Ù…ÙˆØ§Ù‚Ø¹ ÙˆÙŠØ¨ Ø¨Ø«_Ù…Ø¨Ø§Ø´Ø±_Ù…Ø¨Ø§Ø±Ø§Ø©_Ø§Ù„Ù‡Ù„Ø§Ù„
2025-03-11 20:13:45+00:00,1899554359253610695,Me trying to explain to my boss why I messed up that Python script again... #codinglife #programmerproblems #looprun https://t.co/qE3KWv6gvQ,me trying to explain to my boss why i messed up that python script again codinglife programmerproblems looprun,trying explain boss messed python script codinglife programmerproblems looprun
2025-03-11 20:13:35+00:00,1899554313636298965,"RT @KirkDBorne: â€œBayesian Modeling and Computation in #Pythonâ€ available at https://t.co/Vpuae9GRay
â€”â€”â€”â€”â€”
#Statistics #Mathematics #Probabiâ€¦","rt  bayesian modeling and computation in python available at 

statistics mathematics probabi",rt bayesian modeling computation python available statistics mathematics probabi
2025-03-11 20:13:33+00:00,1899554305843278069,"One of the amazing yet frustrating things about learning #Python is the sheer amount of libraries to learn about. Zipline is an event-driven system for backtesting and is commonly used by algo/quant traders.

In my code example, I am taking a look at backtesting a simple movingâ€¦ https://t.co/aaw6y9xv34 https://t.co/YaCs3P7lU5","one of the amazing yet frustrating things about learning python is the sheer amount of libraries to learn about zipline is an eventdriven system for backtesting and is commonly used by algoquant traders

in my code example i am taking a look at backtesting a simple moving",one amazing yet frustrating things learning python sheer amount libraries learn zipline eventdriven system backtesting commonly used algoquant traders code example taking look backtesting simple moving
2025-03-11 20:13:13+00:00,1899554223546679386,"One of the amazing yet frustrating things about learning #Python is the sheer amount of libraries to learn about. Zipline is an event-driven system for backtesting and is commonly used by algo/quant traders.

In my code example, I am taking a look at backtesting a simple movingâ€¦ https://t.co/mszryf7x33 https://t.co/FirAs3xgEw","one of the amazing yet frustrating things about learning python is the sheer amount of libraries to learn about zipline is an eventdriven system for backtesting and is commonly used by algoquant traders

in my code example i am taking a look at backtesting a simple moving",one amazing yet frustrating things learning python sheer amount libraries learn zipline eventdriven system backtesting commonly used algoquant traders code example taking look backtesting simple moving
2025-03-11 20:13:13+00:00,1899554221571076378,RT @alitekintr: E-Devlet Ã¼cretsiz bir okuldur. Fakat Ã§oÄŸu kiÅŸi bunu bilmez. Åimdi size nasÄ±l Ã¼cretsiz kurs ve sertifika alabileceÄŸinizi anlâ€¦,rt  edevlet Ã¼cretsiz bir okuldur fakat Ã§oÄŸu kiÅŸi bunu bilmez ÅŸimdi size nasÄ±l Ã¼cretsiz kurs ve sertifika alabileceÄŸinizi anl,rt edevlet Ã¼cretsiz bir okuldur fakat Ã§oÄŸu kiÅŸi bunu bilmez ÅŸimdi size nasÄ±l Ã¼cretsiz kurs sertifika alabileceÄŸinizi anl
2025-03-11 20:13:05+00:00,1899554191183630663,IncrÃ­vel como a python era super aceitÃ¡vel com o Jake https://t.co/a3ySh2SfiF,incrÃ­vel como a python era super aceitÃ¡vel com o jake,incrÃ­vel como python era super aceitÃ¡vel com jake
2025-03-11 20:13:04+00:00,1899554186838315439,"RT @CMhOeNnExY: ã€ä»0åˆ°web3ç§‘å­¦å®¶ï¼Œè¿™ä¸ªè·¯ç¨‹å°±å¤Ÿäº†ã€‘

æ”¶è—ä¸€ä¸‹ï¼Œä¸‡ä¸€èƒ½ç”¨ä¸Šå‘¢ï¼Ÿ

1âƒ£ï¸å®‰è£…IDEå’Œè§£é‡Šå™¨

é¦–å…ˆï¼Œé€‰æ‹©ä¸€ä¸ªé€‚åˆçš„IDEï¼ˆé›†æˆå¼€å‘ç¯å¢ƒï¼‰ï¼Œå¦‚Visual Studio Codeæˆ–PyCharmï¼Œå¹¶å®‰è£…ç›¸åº”çš„è§£é‡Šå™¨ï¼ˆå¦‚Node.jsæˆ–Pythâ€¦","rt  ä»åˆ°webç§‘å­¦å®¶è¿™ä¸ªè·¯ç¨‹å°±å¤Ÿäº†

æ”¶è—ä¸€ä¸‹ä¸‡ä¸€èƒ½ç”¨ä¸Šå‘¢

å®‰è£…ideå’Œè§£é‡Šå™¨

é¦–å…ˆé€‰æ‹©ä¸€ä¸ªé€‚åˆçš„ideé›†æˆå¼€å‘ç¯å¢ƒå¦‚visual studio codeæˆ–pycharmå¹¶å®‰è£…ç›¸åº”çš„è§£é‡Šå™¨å¦‚nodejsæˆ–pyth",rt ä»åˆ°webç§‘å­¦å®¶è¿™ä¸ªè·¯ç¨‹å°±å¤Ÿäº† æ”¶è—ä¸€ä¸‹ä¸‡ä¸€èƒ½ç”¨ä¸Šå‘¢ å®‰è£…ideå’Œè§£é‡Šå™¨ é¦–å…ˆé€‰æ‹©ä¸€ä¸ªé€‚åˆçš„ideé›†æˆå¼€å‘ç¯å¢ƒå¦‚visual studio codeæˆ–pycharmå¹¶å®‰è£…ç›¸åº”çš„è§£é‡Šå™¨å¦‚nodejsæˆ–pyth
2025-03-11 20:12:35+00:00,1899554063739408853,"RT @swapnakpanda: 7 Programming Books - FREE from O'Reilly

    - Python
    - Java
    - JavaScript
    - C#
    - C++
    - Rust

Links iâ€¦","rt   programming books  free from oreilly

     python
     java
     javascript
     c
     c
     rust

links i",rt programming books free oreilly python java javascript c c rust links
2025-03-11 20:12:29+00:00,1899554038427140349,"@Python_Dv For more information on AI-powered projects and global collaboration, visit https://t.co/2NzHFMKdsh",for more information on aipowered projects and global collaboration visit,information aipowered projects global collaboration visit
2025-03-11 20:12:27+00:00,1899554029379969455,"@Python_Dv At Universa, we're passionate about driving innovation in AI and decentralized technology.  We're excited to see the impact of these skills on the development of cutting-edge technologies.",at universa were passionate about driving innovation in ai and decentralized technology  were excited to see the impact of these skills on the development of cuttingedge technologies,universa passionate driving innovation ai decentralized technology excited see impact skills development cuttingedge technologies
2025-03-11 20:12:24+00:00,1899554019539820747,"RT @fernsinbloom: Wdym GOT7 released Python 
https://t.co/DhFnE73fIW",rt  wdym got released python,rt wdym got released python
2025-03-11 20:12:24+00:00,1899554015727497574,"@Python_Dv @Python_Dv This is a great resource for developers looking to upskill in AI and data science.  The skills listed are essential for success in roles such as AI Product Manager, ML Engineer, and Data Engineer.",this is a great resource for developers looking to upskill in ai and data science  the skills listed are essential for success in roles such as ai product manager ml engineer and data engineer,great resource developers looking upskill ai data science skills listed essential success roles ai product manager ml engineer data engineer
2025-03-11 20:12:21+00:00,1899554006000664746,RT @tekbog: what in the python slop https://t.co/kee0LBpkyT,rt  what in the python slop,rt python slop
2025-03-11 20:12:14+00:00,1899553976925757469,"RT @eliasbendodo: La cumbre del Gobierno con el Gobiernoâ€¦

Da para una escena de Berlanga o de los Monty Python

https://t.co/IA790GrWyi","rt  la cumbre del gobierno con el gobierno

da para una escena de berlanga o de los monty python",rt la cumbre del gobierno con el gobierno da para una escena de berlanga de los monty python
2025-03-11 20:12:13+00:00,1899553971548905640,"RT @nevrekaraishwa2: ğŸ† â€“ Data Science Roadmap

Stage 1 â€“ Python Basics &amp; Data Structures
Stage 2 â€“ Statistics &amp; Probability
Stage 3 â€“ Lineaâ€¦","rt    data science roadmap

stage   python basics amp data structures
stage   statistics amp probability
stage   linea",rt data science roadmap stage python basics amp data structures stage statistics amp probability stage linea
2025-03-11 20:12:06+00:00,1899553941580374160,"@CharlotteCGill It is like a script â€¦ Monty Python, Carry On , ğŸ¤£",it is like a script  monty python carry on,like script monty python carry
2025-03-11 20:12:04+00:00,1899553935113011407,RT @alitekintr: E-Devlet Ã¼cretsiz bir okuldur. Fakat Ã§oÄŸu kiÅŸi bunu bilmez. Åimdi size nasÄ±l Ã¼cretsiz kurs ve sertifika alabileceÄŸinizi anlâ€¦,rt  edevlet Ã¼cretsiz bir okuldur fakat Ã§oÄŸu kiÅŸi bunu bilmez ÅŸimdi size nasÄ±l Ã¼cretsiz kurs ve sertifika alabileceÄŸinizi anl,rt edevlet Ã¼cretsiz bir okuldur fakat Ã§oÄŸu kiÅŸi bunu bilmez ÅŸimdi size nasÄ±l Ã¼cretsiz kurs sertifika alabileceÄŸinizi anl
2025-03-11 20:11:38+00:00,1899553823590371830,"@KingLagoswa @bennyjohnson The US doesnt like a trade surplus but will insist on maintaining a trade surplus. The US doesn't need anything from Canada but Canada is blackmailing the US by withholding something it needs?

This is like a monte python movie.","the us doesnt like a trade surplus but will insist on maintaining a trade surplus the us doesnt need anything from canada but canada is blackmailing the us by withholding something it needs

this is like a monte python movie",us doesnt like trade surplus insist maintaining trade surplus us doesnt need anything canada canada blackmailing us withholding something needs like monte python movie
2025-03-11 20:11:24+00:00,1899553767126634738,"RT @benjamin_olden: As a new dev trying to break into the job market.

The market isnâ€™t â€œtoo tightâ€, itâ€™s too crowded with sameness.

Thousâ€¦","rt  as a new dev trying to break into the job market

the market isnt too tight its too crowded with sameness

thous",rt new dev trying break job market market isnt tight crowded sameness thous
2025-03-11 20:11:14+00:00,1899553722889379942,RT @GhimeleMajor: Est ce que le python ne sais pas nager?,rt  est ce que le python ne sais pas nager,rt est ce que le python ne sais pas nager
2025-03-11 20:11:07+00:00,1899553692996784509,"RT @Ryansikorski10: RDKit: Open-Source Cheminformatics Software

The RDKit is an open-source cheminformatics toolkit written in C++ that isâ€¦","rt  rdkit opensource cheminformatics software

the rdkit is an opensource cheminformatics toolkit written in c that is",rt rdkit opensource cheminformatics software rdkit opensource cheminformatics toolkit written c
2025-03-11 20:11:02+00:00,1899553672339640559,"ğŸ”¥ New Updates!

#ElonMusk officially introduces the X Token.ğŸ‰

â https://t.co/RXnWScUtnY

RprJu @b_shezzy @wewangi @Averenturan @yasinsari1602 @Scarlet27611611 @Karimbenze9393 @aayush_dewda @python_ju @maflikuanand @kam_lee83","new updates

elonmusk officially introduces the x token

 

rprju",new updates elonmusk officially introduces x token rprju
2025-03-11 20:10:56+00:00,1899553647408640047,"RT @quantscience_: BREAKING: New Python Library for Finance Analysis with AI Agents

Here's a 30-second overview (+ Python Getting Startedâ€¦","rt  breaking new python library for finance analysis with ai agents

heres a second overview  python getting started",rt breaking new python library finance analysis ai agents heres second overview python getting started
2025-03-11 20:10:51+00:00,1899553629125640308,"RT @fernsinbloom: Wdym GOT7 released Python 
https://t.co/DhFnE73fIW",rt  wdym got released python,rt wdym got released python
2025-03-11 20:10:40+00:00,1899553582178869415,@emollick every capabilities is code tho. o3-mini is fantastic at python-pptx.,every capabilities is code tho omini is fantastic at pythonpptx,every capabilities code tho omini fantastic pythonpptx
2025-03-11 20:10:20+00:00,1899553496304591262,"RT @gp_pulipaka: GPT, Generative AI,  and LLMs!@AverConferences  #BigData #Analytics #DataScience #AI #MachineLearning #NLProc #IoT #IIoT #â€¦",rt  gpt generative ai  and llms  bigdata analytics datascience ai machinelearning nlproc iot iiot,rt gpt generative ai llms bigdata analytics datascience ai machinelearning nlproc iot iiot
2025-03-11 20:10:14+00:00,1899553474573897940,RT @alitekintr: E-Devlet Ã¼cretsiz bir okuldur. Fakat Ã§oÄŸu kiÅŸi bunu bilmez. Åimdi size nasÄ±l Ã¼cretsiz kurs ve sertifika alabileceÄŸinizi anlâ€¦,rt  edevlet Ã¼cretsiz bir okuldur fakat Ã§oÄŸu kiÅŸi bunu bilmez ÅŸimdi size nasÄ±l Ã¼cretsiz kurs ve sertifika alabileceÄŸinizi anl,rt edevlet Ã¼cretsiz bir okuldur fakat Ã§oÄŸu kiÅŸi bunu bilmez ÅŸimdi size nasÄ±l Ã¼cretsiz kurs sertifika alabileceÄŸinizi anl
2025-03-11 20:10:14+00:00,1899553472351265154,RT @AdelDeveloperX: Ø¬Ø¨Øª Ù„ÙƒÙ… ÙƒÙ„ Ù…Ø§ ØªØ­ØªØ§Ø¬Ù‡ Ù„ØªØµØ¨Ø­ Ø®Ø¨ÙŠØ±Ù‹Ø§ ÙÙŠ Python 3 ÙÙŠ ÙˆØ±Ù‚ØªÙŠÙ†. https://t.co/mIklB6zVZ4,rt  Ø¬Ø¨Øª Ù„ÙƒÙ… ÙƒÙ„ Ù…Ø§ ØªØ­ØªØ§Ø¬Ù‡ Ù„ØªØµØ¨Ø­ Ø®Ø¨ÙŠØ±Ø§ ÙÙŠ python  ÙÙŠ ÙˆØ±Ù‚ØªÙŠÙ†,rt Ø¬Ø¨Øª Ù„ÙƒÙ… ÙƒÙ„ Ù…Ø§ ØªØ­ØªØ§Ø¬Ù‡ Ù„ØªØµØ¨Ø­ Ø®Ø¨ÙŠØ±Ø§ ÙÙŠ python ÙÙŠ ÙˆØ±Ù‚ØªÙŠÙ†
2025-03-11 20:10:12+00:00,1899553464742551851,RT @alitekintr: E-Devlet Ã¼cretsiz bir okuldur. Fakat Ã§oÄŸu kiÅŸi bunu bilmez. Åimdi size nasÄ±l Ã¼cretsiz kurs ve sertifika alabileceÄŸinizi anlâ€¦,rt  edevlet Ã¼cretsiz bir okuldur fakat Ã§oÄŸu kiÅŸi bunu bilmez ÅŸimdi size nasÄ±l Ã¼cretsiz kurs ve sertifika alabileceÄŸinizi anl,rt edevlet Ã¼cretsiz bir okuldur fakat Ã§oÄŸu kiÅŸi bunu bilmez ÅŸimdi size nasÄ±l Ã¼cretsiz kurs sertifika alabileceÄŸinizi anl
2025-03-11 20:10:11+00:00,1899553459457692059,"RT @Quality_work_03: Client satisfaction our Greatest Goal:
DM for:
âœ” #Essay 
âœ”Computer science, high school &amp; University 
âœ”Paper
âœ“Databaseâ€¦","rt  client satisfaction our greatest goal
dm for
 essay 
computer science high school amp university 
paper
database",rt client satisfaction greatest goal dm essay computer science high school amp university paper database
2025-03-11 20:10:08+00:00,1899553446388260913,"@feliperabeloep @doutorcaleb Amigao.. to aqui na luta aprendendo o python.. quero ir pra area de blockchain..!

Vou usar o python..?
Tem alguma dica pra um inciante.?","amigao to aqui na luta aprendendo o python quero ir pra area de blockchain

vou usar o python
tem alguma dica pra um inciante",amigao aqui na luta aprendendo python quero ir pra area de blockchain vou usar python tem alguma dica pra um inciante
2025-03-11 20:10:00+00:00,1899553412846673954,"RT @eliasbendodo: La cumbre del Gobierno con el Gobiernoâ€¦

Da para una escena de Berlanga o de los Monty Python

https://t.co/IA790GrWyi","rt  la cumbre del gobierno con el gobierno

da para una escena de berlanga o de los monty python",rt la cumbre del gobierno con el gobierno da para una escena de berlanga de los monty python
2025-03-11 20:09:57+00:00,1899553400934797664,@Python_Dv https://t.co/39V8Rgmf8y,,
2025-03-11 20:09:56+00:00,1899553394982871332,RT @Quality_work_03: We are reliable to offer you A grade in your; âœ“nursing âœ“essays âœ“chemistry âœ“finance âœ“physics âœ“biology âœ“physics âœ“chemistâ€¦,rt  we are reliable to offer you a grade in your nursing essays chemistry finance physics biology physics chemist,rt reliable offer grade nursing essays chemistry finance physics biology physics chemist
2025-03-11 20:09:50+00:00,1899553373801615660,"RT @Joe_brendan_: Have you signed up yet?
Sign up here : https://t.co/37SdRNe6Xg https://t.co/uNAEjneePe","rt  have you signed up yet
sign up here",rt signed yet sign
2025-03-11 20:09:47+00:00,1899553360371446179,"Data analysis (excel,  python, pi) , ml deeply , deep learning, computer vision and nlp along with 2 big projects,  architecture ,, all within 3 months https://t.co/hfydlH7dfM",data analysis excel  python pi  ml deeply  deep learning computer vision and nlp along with  big projects  architecture  all within  months,data analysis excel python pi ml deeply deep learning computer vision nlp along big projects architecture within months
2025-03-11 20:09:40+00:00,1899553328087879803,"Greatest comedy sketches of all time:

1) Who's on First- Abbott and Costello
2) The Dentist- Tim Conway and Harvey Korman

Taking suggestions for places 3-10. (I myself am unsure which Monty Python Flying Circus and old SNL sketches to include.)","greatest comedy sketches of all time

 whos on first abbott and costello
 the dentist tim conway and harvey korman

taking suggestions for places  i myself am unsure which monty python flying circus and old snl sketches to include",greatest comedy sketches time whos first abbott costello dentist tim conway harvey korman taking suggestions places unsure monty python flying circus old snl sketches include
2025-03-11 20:09:35+00:00,1899553308487897593,@75otingocni Monty Python belongs in the collage.,monty python belongs in the collage,monty python belongs collage
2025-03-11 20:09:28+00:00,1899553278360223904,"RT @GuadaCorrea_: Hilo de bÃºsquedas nuevas: todas requieren inglÃ©s B2/C1
âœ‰ï¸ guadalupe.correa@teamup.tech

- FULL STACK DEVELOPER -&gt; Next, tâ€¦","rt  hilo de bÃºsquedas nuevas todas requieren inglÃ©s bc
 guadalupecorreatech

 full stack developer gt next t",rt hilo de bÃºsquedas nuevas todas requieren inglÃ©s bc guadalupecorreatech full stack developer gt next
2025-03-11 20:09:25+00:00,1899553265898987676,"Rob Pike was right

&gt; The key point here is our programmers are Googlers, theyâ€™re not researchers. Theyâ€™re typically, fairly young, fresh out of school, probably learned Java, maybe learned C or C++, probably learned Python. Theyâ€™re not capable of understanding a brilliantâ€¦ https://t.co/cGYaOO1zGP https://t.co/zwuBdGut0H","rob pike was right

gt the key point here is our programmers are googlers theyre not researchers theyre typically fairly young fresh out of school probably learned java maybe learned c or c probably learned python theyre not capable of understanding a brilliant",rob pike right gt key point programmers googlers theyre researchers theyre typically fairly young fresh school probably learned java maybe learned c c probably learned python theyre capable understanding brilliant
2025-03-11 20:09:22+00:00,1899553256411476406,"@z_unforch irish wolfhound, great dane but non traditional animal bearded dragon or ball python (tattoos ykyk)",irish wolfhound great dane but non traditional animal bearded dragon or ball python tattoos ykyk,irish wolfhound great dane non traditional animal bearded dragon ball python tattoos ykyk
2025-03-11 20:09:18+00:00,1899553237167976639,"You dont need python
You dont need bloomberg terminal
You dont need stochastic calculus

You need ancient greek and latin!","you dont need python
you dont need bloomberg terminal
you dont need stochastic calculus

you need ancient greek and latin",dont need python dont need bloomberg terminal dont need stochastic calculus need ancient greek latin
2025-03-11 20:09:14+00:00,1899553221984792858,RT @tekbog: what in the python slop https://t.co/kee0LBpkyT,rt  what in the python slop,rt python slop
2025-03-11 20:09:01+00:00,1899553166527545662,GoStringUngarbler: a command-line tool written in Python that automatically decrypts strings found in garble-obfuscated Go binaries #ReverseEngineering https://t.co/U9P6FFKdZs,gostringungarbler a commandline tool written in python that automatically decrypts strings found in garbleobfuscated go binaries reverseengineering,gostringungarbler commandline tool written python automatically decrypts strings found garbleobfuscated go binaries reverseengineering
2025-03-11 20:08:59+00:00,1899553157484777757,"RT @Soulful1865: The Chinese are so smart, they remind me of that big python snake...just laying there..still..watching that mice keeps jumâ€¦",rt  the chinese are so smart they remind me of that big python snakejust laying therestillwatching that mice keeps jum,rt chinese smart remind big python snakejust laying therestillwatching mice keeps jum
2025-03-11 20:08:52+00:00,1899553127994638687,Coded with Python using Grok. This is way too much fun ğŸ˜… https://t.co/M3RLzzoB7n,coded with python using grok this is way too much fun,coded python using grok way much fun
2025-03-11 20:08:51+00:00,1899553123657457948,"ğŸš€ Exciting start to my learning journey! ğŸ‰ I built my first app and set my sights on creating a second one! Facing challenges with cursors, but I'm diving into Python scripting for full workflow automation this week. Let's keep pushing! ğŸ’ª #BuildInPublic #LearningInPublic",exciting start to my learning journey  i built my first app and set my sights on creating a second one facing challenges with cursors but im diving into python scripting for full workflow automation this week lets keep pushing  buildinpublic learninginpublic,exciting start learning journey built first app set sights creating second one facing challenges cursors im diving python scripting full workflow automation week lets keep pushing buildinpublic learninginpublic
2025-03-11 20:08:51+00:00,1899553123439358156,"RT @FinPlanKaluAja1: Instead of asking Grok what type of cassava strain can grow in your village or how to learn Python for free, you are uâ€¦",rt  instead of asking grok what type of cassava strain can grow in your village or how to learn python for free you are u,rt instead asking grok type cassava strain grow village learn python free u
2025-03-11 20:08:44+00:00,1899553096981717446,"RT @bestessays_help: Feeling stuck with your assignments;
âœ“summer class
âœ“Essay due
âœ“Math
âœ“python
âœ“Dissertation
âœ“programming
âœ“Coding
âœ“Pay Paâ€¦","rt  feeling stuck with your assignments
summer class
essay due
math
python
dissertation
programming
coding
pay pa",rt feeling stuck assignments summer class essay due math python dissertation programming coding pay pa
2025-03-11 20:08:43+00:00,1899553088815370504,#microgothicScapolofelice stasera studiare un poco di tedesco e di #python,microgothicscapolofelice stasera studiare un poco di tedesco e di python,microgothicscapolofelice stasera studiare un poco di tedesco e di python
2025-03-11 20:08:34+00:00,1899553052689895899,"RT @bestessays_help: This fall, HMU for:
Essayhelp
Homeworkdue
Assignmenthelp
Algebratest
Accounting
Marketing
Chemistrytest
Thesis
Researcâ€¦","rt  this fall hmu for
essayhelp
homeworkdue
assignmenthelp
algebratest
accounting
marketing
chemistrytest
thesis
researc",rt fall hmu essayhelp homeworkdue assignmenthelp algebratest accounting marketing chemistrytest thesis researc
2025-03-11 20:08:33+00:00,1899553048521068735,RT @alitekintr: E-Devlet Ã¼cretsiz bir okuldur. Fakat Ã§oÄŸu kiÅŸi bunu bilmez. Åimdi size nasÄ±l Ã¼cretsiz kurs ve sertifika alabileceÄŸinizi anlâ€¦,rt  edevlet Ã¼cretsiz bir okuldur fakat Ã§oÄŸu kiÅŸi bunu bilmez ÅŸimdi size nasÄ±l Ã¼cretsiz kurs ve sertifika alabileceÄŸinizi anl,rt edevlet Ã¼cretsiz bir okuldur fakat Ã§oÄŸu kiÅŸi bunu bilmez ÅŸimdi size nasÄ±l Ã¼cretsiz kurs sertifika alabileceÄŸinizi anl
2025-03-11 20:08:29+00:00,1899553033660289218,"RT @bestessays_help: Let's build the grade together: 

*Project

*Math

*Essay due

*Pay write

*English

*Paper pay

*Case study

*Quiz

*â€¦","rt  lets build the grade together 

project

math

essay due

pay write

english

paper pay

case study

quiz",rt lets build grade together project math essay due pay write english paper pay case study quiz
2025-03-11 20:08:16+00:00,1899552975648968972,"RT @bestessays_help: Get 24hr assignment help in:
#Homework
online classes
assignment
online Quizzes
Online tests
coursework
#essay
#writeâ€¦","rt  get hr assignment help in
homework
online classes
assignment
online quizzes
online tests
coursework
essay
write",rt get hr assignment help homework online classes assignment online quizzes online tests coursework essay write
2025-03-11 20:08:08+00:00,1899552945517244759,"RT @FarzanaSabera: Coursera Python Specialization Review 2025

https://t.co/Zyio12vQma

#Coursera #PythonForEverybody #PythonProgramming #Oâ€¦","rt  coursera python specialization review 



coursera pythonforeverybody pythonprogramming o",rt coursera python specialization review coursera pythonforeverybody pythonprogramming
2025-03-11 20:08:07+00:00,1899552940706128235,"RT @eliasbendodo: La cumbre del Gobierno con el Gobiernoâ€¦

Da para una escena de Berlanga o de los Monty Python

https://t.co/IA790GrWyi","rt  la cumbre del gobierno con el gobierno

da para una escena de berlanga o de los monty python",rt la cumbre del gobierno con el gobierno da para una escena de berlanga de los monty python
2025-03-11 20:08:06+00:00,1899552935752749360,RT @alitekintr: E-Devlet Ã¼cretsiz bir okuldur. Fakat Ã§oÄŸu kiÅŸi bunu bilmez. Åimdi size nasÄ±l Ã¼cretsiz kurs ve sertifika alabileceÄŸinizi anlâ€¦,rt  edevlet Ã¼cretsiz bir okuldur fakat Ã§oÄŸu kiÅŸi bunu bilmez ÅŸimdi size nasÄ±l Ã¼cretsiz kurs ve sertifika alabileceÄŸinizi anl,rt edevlet Ã¼cretsiz bir okuldur fakat Ã§oÄŸu kiÅŸi bunu bilmez ÅŸimdi size nasÄ±l Ã¼cretsiz kurs sertifika alabileceÄŸinizi anl
2025-03-11 20:08:00+00:00,1899552911178219727,"RT @MarvellousOnX: Day 88 of #100DaysOfCode

Solved LeetCode 1358. Number of Substrings Containing All Three Characters.

Problem: Count thâ€¦","rt  day  of daysofcode

solved leetcode  number of substrings containing all three characters

problem count th",rt day daysofcode solved leetcode number substrings containing three characters problem count th
2025-03-11 20:07:02+00:00,1899552666440847394,"@GarmerJohan @SpaghettiKozak @bag0leir0 It might be a swing-out cylinder like a Colt Python, poking out the side of the frame because it's resting on the cylinder.",it might be a swingout cylinder like a colt python poking out the side of the frame because its resting on the cylinder,might swingout cylinder like colt python poking side frame resting cylinder
2025-03-11 20:06:56+00:00,1899552641866182968,@CeleObiang Python o usas algo rollo StrategyQuant?,python o usas algo rollo strategyquant,python usas algo rollo strategyquant
2025-03-11 20:06:51+00:00,1899552619799962024,"RT @eliasbendodo: La cumbre del Gobierno con el Gobiernoâ€¦

Da para una escena de Berlanga o de los Monty Python

https://t.co/IA790GrWyi","rt  la cumbre del gobierno con el gobierno

da para una escena de berlanga o de los monty python",rt la cumbre del gobierno con el gobierno da para una escena de berlanga de los monty python
2025-03-11 20:06:34+00:00,1899552550010966515,RT @TheHumanoidHub: OpenPyRo-A1 is a $14K bi-manual bimanual robotic platform with a Python-based modular framework. It enables VR teleoperâ€¦,rt  openpyroa is a k bimanual bimanual robotic platform with a pythonbased modular framework it enables vr teleoper,rt openpyroa k bimanual bimanual robotic platform pythonbased modular framework enables vr teleoper
2025-03-11 20:06:31+00:00,1899552537654530391,"@tekbog Same with type hints, data classes and syntax sugar. You can make codebase really elegant and really more suitable for prod with these conventions + pre-commit hooks and tests. 

But right about there â€œeasy Pythonâ€ ends and it starts to require some engineering.","same with type hints data classes and syntax sugar you can make codebase really elegant and really more suitable for prod with these conventions  precommit hooks and tests 

but right about there easy python ends and it starts to require some engineering",type hints data classes syntax sugar make codebase really elegant really suitable prod conventions precommit hooks tests right easy python ends starts require engineering
2025-03-11 20:06:27+00:00,1899552520164323371,RT @AgnesWold: Vad Ã¤r detta fÃ¶r Monte Python-sketch? https://t.co/a6kMa2jhT3,rt  vad Ã¤r detta fÃ¶r monte pythonsketch,rt vad Ã¤r detta fÃ¶r monte pythonsketch
2025-03-11 20:06:06+00:00,1899552434004836633,"RT @rabeyarimme: Data Analytics from Zero to Expert Free Course , Access free ğŸ¥°
 
Get Full Access for all these resources for Freeeeee ğŸ”¥

Tâ€¦","rt  data analytics from zero to expert free course  access free 
 
get full access for all these resources for freeeeee 

t",rt data analytics zero expert free course access free get full access resources freeeeee
2025-03-11 20:05:44+00:00,1899552341357195700,"RT @Saboo_Shubham_: OpenAI just released Agents SDK for building multi-agent apps in Python.

It comes with 3 key features:
1. Handoffs: Alâ€¦","rt  openai just released agents sdk for building multiagent apps in python

it comes with  key features
 handoffs al",rt openai released agents sdk building multiagent apps python comes key features handoffs al
2025-03-11 20:05:40+00:00,1899552321593348361,"RT @PyLadies_Cuerna: ğŸ“¢ Â¡Segunda parte del taller Recapitulando Python! ğŸ
Si estuviste en la primera parte, es tu oportunidad de seguir apreâ€¦","rt   segunda parte del taller recapitulando python 
si estuviste en la primera parte es tu oportunidad de seguir apre",rt segunda parte del taller recapitulando python si estuviste en la primera parte es tu oportunidad de seguir apre
2025-03-11 20:05:36+00:00,1899552305327874474,"RT @KirkDBorne: The book â€œ#AlgorithmicTrading with Pythonâ€ discusses modern quant trading methods in #Python with a heavy focus on PANDAS,â€¦",rt  the book algorithmictrading with python discusses modern quant trading methods in python with a heavy focus on pandas,rt book algorithmictrading python discusses modern quant trading methods python heavy focus pandas
2025-03-11 20:05:29+00:00,1899552275296641047,@Python_Dv Lmao,lmao,lmao
2025-03-11 20:05:10+00:00,1899552197496504402,"RT @eliasbendodo: La cumbre del Gobierno con el Gobiernoâ€¦

Da para una escena de Berlanga o de los Monty Python

https://t.co/IA790GrWyi","rt  la cumbre del gobierno con el gobierno

da para una escena de berlanga o de los monty python",rt la cumbre del gobierno con el gobierno da para una escena de berlanga de los monty python
2025-03-11 20:05:05+00:00,1899552175778377826,"RT @eliasbendodo: La cumbre del Gobierno con el Gobiernoâ€¦

Da para una escena de Berlanga o de los Monty Python

https://t.co/IA790GrWyi","rt  la cumbre del gobierno con el gobierno

da para una escena de berlanga o de los monty python",rt la cumbre del gobierno con el gobierno da para una escena de berlanga de los monty python
2025-03-11 20:05:03+00:00,1899552166773444720,@JDunlap1974 He reminds me of the Monty Python Black Knight ğŸ˜‚ğŸ˜‚ https://t.co/LlWwJQvRWR,he reminds me of the monty python black knight,reminds monty python black knight
2025-03-11 20:05:01+00:00,1899552159567319201,@AsakyGRN How gorilla go sign python ? ğŸ˜‚,how gorilla go sign python,gorilla go sign python
2025-03-11 20:04:58+00:00,1899552148943442385,"RT @swapnakpanda: 7 Programming Books - FREE from O'Reilly

    - Python
    - Java
    - JavaScript
    - C#
    - C++
    - Rust

Links iâ€¦","rt   programming books  free from oreilly

     python
     java
     javascript
     c
     c
     rust

links i",rt programming books free oreilly python java javascript c c rust links
2025-03-11 20:04:58+00:00,1899552145038528634,"RT @JonTrevithick: Solidarity brothers...
Monty Python's Life of Brian (1979) https://t.co/BiEtowc7zl","rt  solidarity brothers
monty pythons life of brian",rt solidarity brothers monty pythons life brian
2025-03-11 20:04:54+00:00,1899552130111057989,"RT @Saboo_Shubham_: OpenAI just released Agents SDK for building multi-agent apps in Python.

It comes with 3 key features:
1. Handoffs: Alâ€¦","rt  openai just released agents sdk for building multiagent apps in python

it comes with  key features
 handoffs al",rt openai released agents sdk building multiagent apps python comes key features handoffs al
2025-03-11 20:04:53+00:00,1899552125946040798,RT @KirkDBorne: Biostatistics with Python â€” Apply #Python for biostatistics with hands-on biomedical and biotechnology projects: https://t.â€¦,rt  biostatistics with python  apply python for biostatistics with handson biomedical and biotechnology projects,rt biostatistics python apply python biostatistics handson biomedical biotechnology projects
2025-03-11 20:04:46+00:00,1899552095927406834,"RT @eliasbendodo: La cumbre del Gobierno con el Gobiernoâ€¦

Da para una escena de Berlanga o de los Monty Python

https://t.co/IA790GrWyi","rt  la cumbre del gobierno con el gobierno

da para una escena de berlanga o de los monty python",rt la cumbre del gobierno con el gobierno da para una escena de berlanga de los monty python
2025-03-11 20:04:41+00:00,1899552074268058058,"RT @itom0717: #AMD
#ROCm

WSL2ã§ROCm 6.3.4+ PyTorch 2.7ã§ComfyUIå‹•ä½œã—ã¾ã—ãŸã€‚
768x1344 30Stepã§12ç§’ãã‚‰ã„

PCç’°å¢ƒ
OS  : Windows 11 Pro
CPU : AMD Ryzen9 79â€¦","rt  amd
rocm

wslã§rocm  pytorch ã§comfyuiå‹•ä½œã—ã¾ã—ãŸ
x stepã§ç§’ãã‚‰ã„

pcç’°å¢ƒ
os   windows  pro
cpu  amd ryzen",rt amd rocm wslã§rocm pytorch ã§comfyuiå‹•ä½œã—ã¾ã—ãŸ x stepã§ç§’ãã‚‰ã„ pcç’°å¢ƒ os windows pro cpu amd ryzen
2025-03-11 20:04:39+00:00,1899552066508300392,@AsakyGRN B like na programmerğŸ˜‚.. him too like python,b like na programmer him too like python,b like na programmer like python
2025-03-11 20:04:27+00:00,1899552015476457630,"RT @badazn: The python suffocated the king cobra, while the king cobra injected its deadly venom into the python. In the end, both perishedâ€¦",rt  the python suffocated the king cobra while the king cobra injected its deadly venom into the python in the end both perished,rt python suffocated king cobra king cobra injected deadly venom python end perished
2025-03-11 20:04:01+00:00,1899551907602903186,"@codenomad_x I recently started to learn Go and itâ€™s amazing.

- Simple error handling 
- Modularity 
- Kickass concurrency
- Compiled
- Static types
- Simple syntax

Honestly I donâ€™t know why I used Python for so long","i recently started to learn go and its amazing

 simple error handling 
 modularity 
 kickass concurrency
 compiled
 static types
 simple syntax

honestly i dont know why i used python for so long",recently started learn go amazing simple error handling modularity kickass concurrency compiled static types simple syntax honestly dont know used python long
2025-03-11 20:03:50+00:00,1899551861004496908,"RT @Markbam52131920: à¸£à¸±à¸™à¸—à¸¸à¸à¸§à¸‡à¸à¸²à¸£..à¸¥à¹ˆà¸²à¸ªà¸¸à¸”à¹„à¸›à¸­à¸¢à¸¹à¹ˆà¸šà¸™à¸ˆà¸­à¸«à¸™à¸±à¸‡à¸à¸¥à¸²à¸‡à¹à¸›à¸¥à¸‡à¸¥à¹ˆà¸°..à¸­à¸´à¸™à¸¸à¹‰à¸‡à¸‡à¸¹à¹€à¸«à¸¥à¸·à¸­à¸¡...à¸Ÿà¸±à¸‡à¹€à¸à¸¥à¸‡à¸šà¸™à¸ˆà¸­à¸«à¸™à¸±à¸‡à¸à¸¥à¸²à¸‡à¹„à¸›à¹€à¸¥à¸­à¸­à¸­à¸­à¸­à¸”à¸´ .

#PYTHON #PYTHON_GOT7â€¦","rt  à¸£à¸™à¸—à¸à¸§à¸‡à¸à¸²à¸£à¸¥à¸²à¸ªà¸”à¹„à¸›à¸­à¸¢à¸šà¸™à¸ˆà¸­à¸«à¸™à¸‡à¸à¸¥à¸²à¸‡à¹à¸›à¸¥à¸‡à¸¥à¸°à¸­à¸™à¸‡à¸‡à¹€à¸«à¸¥à¸­à¸¡à¸Ÿà¸‡à¹€à¸à¸¥à¸‡à¸šà¸™à¸ˆà¸­à¸«à¸™à¸‡à¸à¸¥à¸²à¸‡à¹„à¸›à¹€à¸¥à¸­à¸­à¸­à¸­à¸­à¸” 

python python_got",rt à¸£à¸™à¸—à¸à¸§à¸‡à¸à¸²à¸£à¸¥à¸²à¸ªà¸”à¹„à¸›à¸­à¸¢à¸šà¸™à¸ˆà¸­à¸«à¸™à¸‡à¸à¸¥à¸²à¸‡à¹à¸›à¸¥à¸‡à¸¥à¸°à¸­à¸™à¸‡à¸‡à¹€à¸«à¸¥à¸­à¸¡à¸Ÿà¸‡à¹€à¸à¸¥à¸‡à¸šà¸™à¸ˆà¸­à¸«à¸™à¸‡à¸à¸¥à¸²à¸‡à¹„à¸›à¹€à¸¥à¸­à¸­à¸­à¸­à¸­à¸” python python_got
2025-03-11 20:03:48+00:00,1899551851705712718,RT @alitekintr: E-Devlet Ã¼cretsiz bir okuldur. Fakat Ã§oÄŸu kiÅŸi bunu bilmez. Åimdi size nasÄ±l Ã¼cretsiz kurs ve sertifika alabileceÄŸinizi anlâ€¦,rt  edevlet Ã¼cretsiz bir okuldur fakat Ã§oÄŸu kiÅŸi bunu bilmez ÅŸimdi size nasÄ±l Ã¼cretsiz kurs ve sertifika alabileceÄŸinizi anl,rt edevlet Ã¼cretsiz bir okuldur fakat Ã§oÄŸu kiÅŸi bunu bilmez ÅŸimdi size nasÄ±l Ã¼cretsiz kurs sertifika alabileceÄŸinizi anl
2025-03-11 20:03:46+00:00,1899551846299054177,RT @alitekintr: E-Devlet Ã¼cretsiz bir okuldur. Fakat Ã§oÄŸu kiÅŸi bunu bilmez. Åimdi size nasÄ±l Ã¼cretsiz kurs ve sertifika alabileceÄŸinizi anlâ€¦,rt  edevlet Ã¼cretsiz bir okuldur fakat Ã§oÄŸu kiÅŸi bunu bilmez ÅŸimdi size nasÄ±l Ã¼cretsiz kurs ve sertifika alabileceÄŸinizi anl,rt edevlet Ã¼cretsiz bir okuldur fakat Ã§oÄŸu kiÅŸi bunu bilmez ÅŸimdi size nasÄ±l Ã¼cretsiz kurs sertifika alabileceÄŸinizi anl
2025-03-11 20:03:41+00:00,1899551822400118874,"RT @fernsinbloom: Wdym GOT7 released Python 
https://t.co/DhFnE73fIW",rt  wdym got released python,rt wdym got released python
2025-03-11 20:03:37+00:00,1899551806994194605,"RT @devanddesignhq: Data Science isnâ€™t just for tech giants. Small businesses, startups, and even NGOs need data experts! Python is your waâ€¦",rt  data science isnt just for tech giants small businesses startups and even ngos need data experts python is your wa,rt data science isnt tech giants small businesses startups even ngos need data experts python wa
2025-03-11 20:03:30+00:00,1899551779987005830,"RT @KirkDBorne: The book â€œ#AlgorithmicTrading with Pythonâ€ discusses modern quant trading methods in #Python with a heavy focus on PANDAS,â€¦",rt  the book algorithmictrading with python discusses modern quant trading methods in python with a heavy focus on pandas,rt book algorithmictrading python discusses modern quant trading methods python heavy focus pandas
2025-03-11 20:03:24+00:00,1899551753189880105,RT @alitekintr: E-Devlet Ã¼cretsiz bir okuldur. Fakat Ã§oÄŸu kiÅŸi bunu bilmez. Åimdi size nasÄ±l Ã¼cretsiz kurs ve sertifika alabileceÄŸinizi anlâ€¦,rt  edevlet Ã¼cretsiz bir okuldur fakat Ã§oÄŸu kiÅŸi bunu bilmez ÅŸimdi size nasÄ±l Ã¼cretsiz kurs ve sertifika alabileceÄŸinizi anl,rt edevlet Ã¼cretsiz bir okuldur fakat Ã§oÄŸu kiÅŸi bunu bilmez ÅŸimdi size nasÄ±l Ã¼cretsiz kurs sertifika alabileceÄŸinizi anl
2025-03-11 20:03:16+00:00,1899551717722607989,"@dilute_python @akaparde LlÃ³ralo sapa, hasta marino tiene mÃ¡s tÃ­tulos que vosğŸ¤£ğŸ¤£ğŸ¤£ https://t.co/s8PSO6umog",llÃ³ralo sapa hasta marino tiene mÃ¡s tÃ­tulos que vos,llÃ³ralo sapa hasta marino tiene mÃ¡s tÃ­tulos que vos
2025-03-11 20:03:13+00:00,1899551704871530978,"RT @GOT7Stream_th: [Spotify 2025.03.09]
â„ï¸GOT7 ã€WINTER HEPTAGONã€‘
ğŸ¯ 50 M STREAMS 
âœ¦ DAY- 49
PYTHON +206,370
SMOOTH +15,301
Our Youth +18,342â€¦","rt  spotify 
got winter heptagon
  m streams 
 day 
python 
smooth 
our youth",rt spotify got winter heptagon streams day python smooth youth
2025-03-11 20:03:08+00:00,1899551687054184811,"RT @yasun_ai: AITuberãŒä½œã‚ŠãŸã„â†’Pythonã‚’æ›¸ãã¨ã§ãã‚‹â†’Pythonã‚’è¦šãˆãŸ
ãªã®ã§åŒæ„Ÿã™ãã¦é¦–ã‚‚ã’ãã†","rt  aituberãŒä½œã‚ŠãŸã„pythonã‚’æ›¸ãã¨ã§ãã‚‹pythonã‚’è¦šãˆãŸ
ãªã®ã§åŒæ„Ÿã™ãã¦é¦–ã‚‚ã’ãã†",rt aituberãŒä½œã‚ŠãŸã„pythonã‚’æ›¸ãã¨ã§ãã‚‹pythonã‚’è¦šãˆãŸ ãªã®ã§åŒæ„Ÿã™ãã¦é¦–ã‚‚ã’ãã†
2025-03-11 20:03:06+00:00,1899551677314691484,"RT @freeCodeCamp: A Security Information and Event Management System is like the central nervous system of security ops.

It collects + corâ€¦","rt  a security information and event management system is like the central nervous system of security ops

it collects  cor",rt security information event management system like central nervous system security ops collects cor
2025-03-11 20:03:04+00:00,1899551667676484009,"RT @fernsinbloom: Wdym GOT7 released Python 
https://t.co/DhFnE73fIW",rt  wdym got released python,rt wdym got released python
2025-03-11 20:03:00+00:00,1899551650945134908,"RT @Saboo_Shubham_: OpenAI just released Agents SDK for building multi-agent apps in Python.

It comes with 3 key features:
1. Handoffs: Alâ€¦","rt  openai just released agents sdk for building multiagent apps in python

it comes with  key features
 handoffs al",rt openai released agents sdk building multiagent apps python comes key features handoffs al
2025-03-11 20:02:48+00:00,1899551601607483657,"RT @pyquantnews: The cost behind the Python Quant Stack:

â€¢ SciPy: $0
â€¢ Zipline: $0
â€¢ Python: $0
â€¢ NumPy: $0
â€¢ PyFolio: $0
â€¢ Pandas : $0
â€¢â€¦","rt  the cost behind the python quant stack

 scipy 
 zipline 
 python 
 numpy 
 pyfolio 
 pandas",rt cost behind python quant stack scipy zipline python numpy pyfolio pandas
